"employee_id","employee_name","employee_last_name","employee_dob","dept_id"
90,"Bastian","Flook","1989-03-27",1
38,"Deck","Swigg","1997-02-21",1
235,"Scott","Debold","1988-03-13",1
78,"Marji","Livard","1986-08-11",1
258,"Bathsheba","Linde","1995-03-18",1
443,"Merrilee","Riby","1999-12-01",1
43,"Silvana","Haszard","1986-03-09",1
319,"Valentijn","Tallquist","1988-03-16",1
375,"Kristine","Fussey","1995-05-11",1
447,"Elita","Luke","1986-11-09",1
47,"Lou","Warrier","1980-08-23",1
316,"Colline","Dowling","1990-05-01",1
249,"Rosanna","Nettles","1989-03-04",1
317,"Anallise","Robjohns","1986-02-18",1
201,"Christin","Dearn","1986-04-28",1
390,"Standford","Minet","1991-09-11",1
205,"Sayer","Elph","1986-06-22",1
3,"Kara","Hanwell","1988-10-18",1
194,"Luci","Amiss","1980-12-01",1
378,"Isabelle","Riddington","1982-04-15",1
350,"Lisetta","Agglione","1987-11-19",1
123,"Briant","Polet","1984-04-23",1
301,"Aimil","Mucci","1986-03-19",1
281,"Aryn","Teaser","1983-06-04",1
117,"Robyn","Petticrew","1981-03-28",1
116,"Kiah","Simmings","1989-10-03",1
27,"Jennifer","Tabb","1993-03-13",1
167,"Bryon","Aguirrezabala","1991-12-11",1
111,"Hermon","Spargo","1998-11-14",1
220,"Vaclav","Bernadot","1993-11-25",1
151,"Ronalda","Rowlands","1996-02-21",1
472,"Emmie","Spilisy","1983-04-07",1
333,"Benoit","Gravestone","1984-06-03",1
200,"Camella","Gutowski","1996-05-10",1
289,"Emmye","Tanner","1990-06-13",1
469,"Amargo","Lohden","1987-08-22",1
171,"Christie","Twining","1980-10-05",2
366,"Connie","O'Flynn","1986-03-01",2
178,"Ethel","Cooke","1998-01-17",2
181,"Eben","Dummer","1993-11-26",2
352,"Doroteya","Aronow","1989-05-30",2
185,"Ruperto","Tarpey","1981-03-21",2
293,"Ardyce","Murkin","1999-12-14",2
273,"Dulcy","Rhyme","1991-08-05",2
295,"Wyndham","Sugarman","1999-08-30",2
477,"Lindsay","Pietruszka","1991-07-02",2
308,"Lianne","Leathes","1983-06-18",2
34,"Leslie","Dregan","1991-07-23",2
312,"Gustavus","Silcox","1992-11-27",2
462,"Salmon","Yesenin","1993-01-12",2
497,"Zach","Eleshenar","1991-02-15",2
453,"Wheeler","Meachan","1991-11-18",2
59,"Quinn","Swinney","1990-04-12",2
240,"Dell","Joslow","1984-05-09",2
72,"Karyl","Snailham","1984-04-07",2
239,"Happy","Gullberg","1987-11-22",2
438,"Garrott","Lightbourne","1980-09-04",2
85,"Alissa","Gore","1980-05-10",2
234,"Nannie","Raybould","1984-02-21",2
94,"Peter","Mangion","1981-05-10",2
97,"Leonhard","Matura","1985-08-25",2
102,"Milty","Baytrop","1984-01-02",2
423,"Minny","Gratland","1983-10-30",2
119,"Adamo","Seggie","1980-12-01",2
416,"Constancia","Itscovitz","1981-08-21",2
212,"Putnem","Radbourne","1987-08-16",2
403,"Sandye","Dellenbrook","1981-09-28",2
300,"Lauryn","Dudenie","1985-12-19",2
131,"Regan","Nizard","1984-10-21",2
393,"Ugo","Frickey","1994-03-14",2
486,"Janenna","Creavan","1995-11-20",2
383,"Lavena","Gullane","1998-03-17",2
380,"Tamarra","Dukesbury","1997-06-30",3
379,"Boigie","Delacour","1988-07-07",3
79,"Lory","Rainsbury","1999-02-05",3
80,"Berne","Gullick","1989-11-11",3
81,"Mae","Vivien","1992-07-29",3
322,"Midge","Brittoner","1999-04-08",3
271,"Mavra","Ingall","1990-06-11",3
434,"Cahra","Sopp","1984-09-12",3
489,"Elly","Poore","1993-06-14",3
346,"Charles","Sliman","1997-05-30",3
431,"Alphard","Gallally","1986-11-11",3
160,"Gilburt","Malzard","1986-01-10",3
230,"Clarette","Hulles","1999-11-20",3
424,"Ive","Beagrie","1998-02-12",3
177,"Sax","Neissen","1986-12-29",3
421,"Gaynor","Baffin","1984-02-03",3
474,"Quent","Yakubowicz","1994-01-27",3
296,"Kimberlyn","Glading","1986-01-26",3
175,"Mirilla","Jacombs","1989-06-16",3
401,"Leshia","Dinan","1998-07-24",3
349,"Helenka","Roof","1991-11-02",3
209,"Cass","Matzen","1987-02-07",3
287,"Alyssa","Trevarthen","1992-05-11",3
138,"Phillipp","Alf","1988-08-11",3
391,"Ignatius","Devericks","1984-01-24",3
17,"Marian","Dockree","1988-05-15",3
360,"Rene","Maddern","1988-10-24",3
174,"Maxie","McClarence","1996-10-17",3
50,"Ameline","Curnucke","1995-02-09",3
46,"Jessalin","Mathewes","1990-03-04",3
67,"Steward","Betje","1990-07-06",3
241,"Faunie","Pirelli","1981-04-12",3
341,"Luca","Denge","1981-09-07",4
10,"Chip","Tunniclisse","1991-04-14",4
77,"Melessa","Castanho","1980-04-30",4
285,"Livia","Brazur","1981-12-25",4
183,"Ozzie","Ravenhill","1982-03-13",4
314,"Lilas","Brandassi","1993-02-19",4
144,"Meridith","Martinec","1980-04-13",4
418,"Evy","Nendick","1998-03-19",4
83,"Brigitte","Brimm","1988-04-24",4
84,"Mel","Gaddesby","1995-03-29",4
299,"Carina","Tamlett","1991-01-26",4
446,"Gianna","Streetley","1989-07-28",4
39,"Todd","Leipoldt","1984-05-16",4
381,"Sibbie","Gilhoolie","1989-05-13",4
147,"Arliene","Beaconsall","1997-12-03",4
19,"Carlie","Grishukov","1980-10-25",4
16,"Kacey","Bladen","1999-12-31",4
158,"Ebba","Vergo","1991-01-31",4
433,"Nert","Mottram","1982-03-04",4
252,"Susanne","Wyldbore","1982-04-08",4
51,"Amaleta","Tourot","1987-10-22",4
245,"Armin","Matteotti","1985-12-21",4
283,"Zandra","Kilfeather","1985-01-15",4
282,"Sid","Keitley","1985-04-23",4
329,"Ailbert","Risborough","1982-03-29",4
22,"Courtnay","Zanre","1984-09-03",4
481,"Nessie","Bacup","1992-01-14",4
377,"Elbertina","Larrington","1995-04-21",4
63,"Molly","Derrick","1992-09-19",4
226,"Linus","Batchelor","1991-03-23",4
135,"Dmitri","Bartlomiej","1983-12-11",4
57,"Currie","Maunders","1988-11-28",4
193,"Clarita","Grafhom","1994-11-06",4
475,"Ade","Syversen","1985-02-16",4
487,"Cthrine","Eard","1986-08-03",4
297,"Baily","De Bischof","1983-07-02",4
112,"Sim","Milbourne","1997-04-06",4
231,"Ody","Caunce","1990-12-04",5
264,"Nollie","Deaville","1991-05-14",5
109,"Alexine","Barneville","1996-09-07",5
219,"Lissie","Notton","1998-04-21",5
4,"Quentin","Burthom","1994-09-24",5
373,"Katharyn","Stallard","1992-11-13",5
215,"Caryl","Dorgon","1992-05-22",5
494,"Rolando","Wapol","1991-05-28",5
165,"Robinet","Munnis","1995-10-25",5
371,"Chryste","Baseley","1987-03-07",5
128,"Florri","Kierans","1990-04-27",5
243,"Dunstan","Scaysbrook","1996-02-20",5
452,"Heall","McDougle","1980-06-27",5
133,"Claudetta","Shepland","1996-12-13",5
206,"Nita","Reames","1985-03-09",5
395,"Madelyn","Mordacai","1990-09-17",5
451,"Ives","Scriven","1983-10-04",5
139,"Merrill","Robart","1995-10-01",5
442,"Ira","Oldershaw","1991-01-10",5
268,"Sunny","Sheard","1987-07-02",5
259,"Ursola","MacGibbon","1989-11-10",5
345,"Neala","Rambaut","1992-04-23",5
369,"Dot","Foltin","1995-02-13",5
191,"Christa","Ugolini","1988-05-17",5
290,"Brianne","Risbrough","1984-11-16",5
37,"Othello","Iacovides","1980-02-18",5
459,"Edmon","Ellse","1980-10-12",5
100,"Gracie","Marikhin","1981-05-11",5
331,"Antonella","O'Sheerin","1984-05-14",5
103,"Waring","Pieper","1992-01-22",5
368,"Madelene","Cass","1983-04-14",6
276,"Guillemette","O'Nions","1998-04-14",6
279,"Janette","Huffer","1991-06-04",6
280,"Nicolas","Danilovich","1994-11-13",6
294,"Kanya","Hounsome","1987-03-28",6
23,"Timmie","Jancic","1990-09-24",6
478,"Katrine","Castelain","1986-05-18",6
458,"Alicea","Milborn","1997-02-15",6
56,"Orlando","Burgum","1998-12-29",6
436,"Rebbecca","Gotter","1998-02-12",6
113,"Jammie","Poetz","1995-05-16",6
402,"Aubine","Hamflett","1991-03-25",6
134,"Ealasaid","Le Clercq","1994-07-13",6
157,"Amandy","Ewers","1982-08-02",6
372,"Charlean","Waine","1995-04-16",6
354,"Derward","Aldersey","1995-10-18",6
196,"Roxi","Dunlap","1988-11-25",6
334,"Anatole","Addison","1993-03-20",6
328,"Andrew","McKeurtan","1986-12-02",6
327,"Renaud","Capnerhurst","1996-06-09",6
323,"Benedick","Reuven","1986-02-04",6
254,"Shirline","Corton","1984-10-23",6
255,"Mohandas","Shoebotham","1984-12-19",6
313,"Farley","Roller","1989-12-16",6
311,"Guthrie","Coole","1988-02-28",6
303,"Vinny","McTerrelly","1981-01-06",6
415,"Estella","Gelderd","1987-10-03",7
214,"Lynne","Blackater","1987-07-22",7
66,"Marlane","Chestnut","1988-05-01",7
61,"Janina","Dovydenas","1996-05-12",7
60,"Delinda","Snoding","1986-08-08",7
455,"Gabriele","Gibby","1998-08-13",7
425,"Cathee","Van den Velden","1995-09-16",7
207,"Darrel","Beadell","1984-10-04",7
248,"Ally","Hounsom","1990-08-24",7
340,"Taylor","Lempel","1984-08-18",7
250,"Dorothea","Handforth","1985-06-22",7
208,"Rubetta","Parkyn","1984-05-23",7
464,"Edeline","Bloxland","1989-11-04",7
428,"Bartlett","Blenkharn","1986-09-20",7
274,"Alvan","Garrattley","1991-11-11",7
284,"Rutherford","Tourne","1985-10-29",7
399,"Rowe","Kennelly","1998-12-17",7
272,"Phyllis","Leaf","1998-05-15",7
468,"Lidia","Widd","1984-08-06",7
130,"Roseline","Dunkley","1988-12-22",7
18,"Vaughn","Glascott","1982-09-28",7
261,"Vernice","Quinn","1987-10-14",7
277,"Gertrude","Rieme","1981-07-16",7
309,"Glennis","Weippert","1986-11-30",7
187,"Remy","Flohard","1995-04-30",7
470,"Faydra","Reidshaw","1986-09-14",7
125,"Yorker","Covil","1994-01-05",7
180,"Tybi","McTague","1988-11-02",7
336,"Kimbra","McElane","1986-03-16",7
192,"Burgess","Pedrol","1999-12-31",7
25,"Silas","Chamberlayne","1989-10-13",7
86,"Ilaire","Doorly","1986-12-07",7
168,"Debbie","Graffin","1995-10-15",7
321,"Charlene","De Cleyne","1998-02-26",7
440,"Rick","Artus","1993-07-27",7
35,"Lucias","Dodle","1988-03-29",8
358,"Bevin","Maynard","1990-08-15",8
363,"Athena","Burlingham","1999-02-22",8
176,"Isa","Benedyktowicz","1989-12-20",8
302,"Hamlin","Islep","1994-11-28",8
473,"Ibrahim","Dansie","1997-02-22",8
159,"Theresita","Faunt","1989-11-18",8
347,"Thorn","Seeviour","1991-09-27",8
199,"Salomo","Pavinese","1999-03-13",8
385,"Horst","Tansly","1987-12-30",8
386,"Theo","Coppledike","1986-12-21",8
203,"Selig","Baudone","1986-05-06",8
142,"Tania","Brasier","1997-08-02",8
394,"Trenna","Jozwik","1982-03-21",8
396,"Adaline","Carnduff","1994-05-22",8
211,"Page","Munt","1988-09-27",8
121,"Penny","Bixley","1999-02-28",8
338,"Bil","Chatelain","1992-10-08",8
417,"Tiffi","Hinckley","1982-01-23",8
114,"Hope","Batsford","1989-06-18",8
420,"Dav","Galiero","1991-11-19",8
337,"Janene","Darrow","1980-08-01",8
108,"Corbet","Lapidus","1986-01-25",8
225,"Emelia","Davydoch","1980-09-14",8
426,"Balduin","Gregoletti","1984-06-27",8
99,"Tod","Blose","1981-04-21",8
307,"Derrek","Syratt","1980-10-22",8
96,"Ramonda","Feldhuhn","1983-07-31",8
298,"Florida","Matitiaho","1998-09-09",8
326,"Vergil","Burdikin","1998-05-22",8
92,"Jed","Marielle","1985-12-02",8
490,"Mala","Trousdell","1999-01-01",8
269,"Barri","Fairfull","1993-02-08",8
8,"Lizette","Rafter","1997-03-13",8
496,"Riley","Keynd","1984-08-19",8
246,"Nils","Dennidge","1997-06-04",8
480,"Wallache","MacDowal","1982-08-18",8
1,"Kristan","Hedderly","1990-09-30",8
461,"Lazarus","Leads","1984-04-28",8
315,"Kelcey","Wallwork","1980-11-26",8
467,"Gareth","Corbie","1988-10-26",8
40,"Northrup","Pudney","1991-06-05",8
500,"Arch","Overlow","1991-09-09",9
2,"Ingemar","Yanne","1984-07-31",9
14,"Nicki","Geary","1999-01-11",9
26,"Susie","Ledrane","1989-08-26",9
49,"Lloyd","Spink","1998-10-01",9
55,"Sloan","Swindells","1999-10-09",9
68,"Melinda","Storry","1990-10-02",9
69,"Talbot","Drynan","1993-07-02",9
71,"Meredith","Allicock","1983-03-09",9
76,"Marcie","Glavin","1983-06-16",9
87,"Cassondra","Ducket","1981-05-16",9
91,"Joanie","Scawen","1980-10-05",9
122,"Flossy","Gherarducci","1994-06-25",9
140,"Ericha","Baughen","1982-05-06",9
148,"Monti","Bolin","1992-09-23",9
170,"Heddie","Kinkead","1982-12-30",9
186,"Cleopatra","Duck","1980-02-02",9
202,"Whittaker","Daysh","1985-09-23",9
210,"Skipton","Sawood","1983-12-06",9
218,"Denys","Phaup","1994-05-16",9
247,"Cynthia","Roblin","1982-08-07",9
266,"Arly","Maddra","1991-09-17",9
344,"Matthaeus","Adkins","1989-03-09",9
357,"Earle","Stening","1993-12-09",9
382,"Tallie","Faragan","1990-06-19",9
392,"Christin","Fahrenbacher","1982-11-10",9
414,"Kevin","Sitlinton","1989-06-29",9
429,"Calhoun","Couch","1999-08-25",9
448,"Arther","Tattoo","1980-03-24",9
450,"Jereme","Tallyn","1980-04-06",10
74,"Burty","Deroche","1985-12-07",10
437,"Brewer","Thurber","1988-11-13",10
238,"Jillian","Krzysztof","1982-12-24",10
89,"Judah","Kisby","1984-02-23",10
237,"Tova","Gulston","1982-01-19",10
20,"Annadiane","Guarnier","1988-09-21",10
324,"Flint","Marikhin","1990-12-23",10
374,"Thea","Petrenko","1993-06-29",10
348,"Chiquia","Gunthorp","1982-02-19",10
233,"Allissa","Fairholme","1999-10-02",10
21,"Malynda","Duplan","1994-10-17",10
31,"Adora","Udale","1996-02-23",10
189,"Tamera","Mangenet","1985-08-10",10
251,"Olivier","Gorini","1995-01-24",10
107,"Melamie","Chalcraft","1989-03-13",10
278,"Hilary","Jeannequin","1999-01-21",10
32,"Ethelyn","Drees","1980-09-18",10
376,"Jeffie","Smails","1983-09-08",10
484,"Kerry","Kermannes","1983-08-30",10
359,"Svend","Duligall","1991-08-14",10
120,"Raviv","Drakard","1984-03-03",10
465,"Damaris","Newlands","1982-07-20",10
362,"Norah","Yendle","1986-05-22",10
460,"Auberon","Sowley","1995-01-01",10
222,"Meg","Biggadike","1999-08-18",10
149,"Lindon","Pattison","1996-01-25",10
173,"Cathyleen","Dyster","1993-03-20",10
492,"Westley","Pettican","1990-08-28",10
172,"Gladi","Eddisforth","1989-01-20",10
155,"Matti","Bromhead","1982-10-22",10
404,"Abbye","Franks","1988-01-29",10
132,"Kinny","Crispin","1995-05-14",10
141,"Jamison","Tatford","1993-10-19",10
169,"Murial","Pflieger","1999-02-07",11
364,"Siegfried","Haward","1981-11-18",11
6,"Colet","Moreing","1989-03-23",11
275,"Libbie","Simmance","1995-05-07",11
491,"Aleen","Hurcombe","1984-12-11",11
146,"Mable","Langer","1997-09-17",11
15,"Baldwin","Galland","1995-06-06",11
384,"Martin","Veschi","1995-09-23",11
253,"Bendick","Stubbins","1987-06-17",11
485,"Junie","Chardin","1984-02-20",11
483,"Merrel","Cay","1987-06-05",11
320,"Viviene","Stannett","1985-06-12",11
306,"Laraine","Corp","1988-07-10",11
228,"Griffith","Parysiak","1994-12-01",11
471,"Pippo","Fielder","1987-08-27",11
466,"Reg","Veronique","1991-05-22",11
457,"Lolly","Turbitt","1990-11-26",11
62,"Gilda","Gregoire","1988-12-18",11
435,"Merralee","Gerger","1985-09-18",11
9,"Arie","Buckston","1983-12-24",11
95,"Tyne","Farland","1992-01-02",11
288,"Dale","Schubuser","1993-04-01",11
430,"Carney","Blincow","1995-01-24",11
195,"Celene","Brumhead","1984-02-10",11
106,"Daryl","Hebbard","1981-01-26",11
351,"Krystle","Godier","1999-10-16",11
292,"Stavro","Stoller","1982-07-26",11
493,"Mylo","Crudginton","1997-11-25",11
356,"Loleta","Keeler","1981-03-01",11
419,"Meriel","Barter","1989-07-22",11
184,"Kennedy","Shutler","1992-08-11",11
412,"Adriena","Dysert","1986-05-16",11
411,"Penrod","Stocky","1981-11-16",11
143,"Hailey","Grevile","1995-09-20",11
410,"Goldina","Raffin","1990-03-02",11
229,"Estrellita","Bullon","1981-04-23",12
260,"Enrique","Abrahamsen","1989-03-30",12
325,"Yorker","Ringe","1995-07-25",12
330,"Shea","Jennery","1995-10-10",12
198,"Merola","Giddens","1995-09-29",12
353,"Yankee","Martinolli","1995-10-24",12
355,"Natasha","Lighton","1989-03-13",12
367,"Meris","Stivers","1980-04-23",12
161,"Ray","Codrington","1987-04-25",12
156,"Dyanne","Sharpe","1997-08-31",12
153,"Otto","Geaves","1988-03-23",12
129,"Garek","Hallett","1994-10-07",12
409,"Rania","Whisker","1986-08-19",12
427,"Bobina","Renwick","1984-08-30",12
53,"Kelsey","Donneely","1995-12-04",12
41,"Duane","Cobon","1997-12-23",12
12,"Orsa","Aviss","1988-04-10",12
11,"Elias","Campsall","1991-12-01",12
286,"Caron","Train","1995-03-31",12
270,"Connie","Jillett","1991-12-10",12
388,"Boris","Faunt","1992-08-02",13
105,"Morley","Pallis","1980-06-19",13
33,"Cecil","Kubiczek","1994-08-11",13
101,"Ken","Revely","1994-09-07",13
304,"Keriann","Bellchamber","1984-01-27",13
30,"Nissy","Halversen","1983-06-19",13
98,"Wit","Schwant","1995-06-14",13
397,"Bab","Petrelli","1991-09-01",13
197,"Glenn","Petrillo","1984-12-22",13
204,"Clim","Kiehnlt","1990-03-12",13
432,"Genni","Govett","1984-06-17",13
213,"Sean","Mathiassen","1992-11-22",13
82,"Pincus","Scatchard","1993-05-30",13
152,"Jaquith","Irvine","1997-12-08",13
439,"Rochella","Calvard","1980-03-08",13
7,"Sig","Hinckesman","1980-11-26",13
387,"Bartlett","Papis","1983-12-05",13
408,"Marshall","Busst","1997-02-20",13
389,"Janeen","McCullouch","1986-06-06",13
75,"Daffie","Beneze","1982-07-06",13
498,"Baily","Posthill","1987-06-23",13
124,"Samantha","Diss","1981-04-14",13
445,"Melesa","Bigglestone","1993-08-17",13
407,"Gunar","Kehoe","1993-06-09",13
115,"Alvy","Troak","1982-08-07",13
64,"Ronalda","Hammelberg","1992-02-02",13
454,"Billie","Dowtry","1992-04-15",13
456,"Ron","Lansdale","1996-09-04",13
221,"Orelie","Mulvihill","1990-12-05",13
52,"Ashlie","Fobidge","1981-08-23",13
127,"Cordy","Illiston","1995-03-26",13
164,"Kipp","Gligoraci","1989-02-25",13
463,"Stacy","Hyder","1985-07-10",13
44,"Sinclair","Sodory","1981-04-13",13
110,"Berkly","Haskayne","1983-06-24",14
339,"Frank","Najera","1990-03-06",14
54,"Cilka","Wyd","1997-11-17",14
479,"Clarence","Bergen","1984-05-17",14
182,"Cyrus","Scogings","1988-04-24",14
291,"Mike","Gulston","1996-06-26",14
162,"Bronnie","Beeching","1992-04-10",14
449,"Layney","Ruthven","1988-07-05",14
48,"Orland","Jovey","1997-12-18",14
405,"Ernesta","Stoyles","1993-09-09",14
318,"Kayley","Riden","1997-04-29",14
244,"Talya","Sandland","1997-12-02",14
190,"Anni","Sofe","1992-01-18",14
224,"Ryann","Winslow","1993-08-30",14
42,"Kalvin","Bilston","1990-12-01",14
137,"Nathanil","Pirouet","1988-12-25",14
104,"Rik","Aspinell","1993-07-07",14
342,"Vonni","Cogar","1985-11-16",14
488,"Ynez","Delieu","1999-04-09",14
263,"Marrilee","Goscar","1989-08-22",14
88,"Edi","Piggot","1982-07-29",14
73,"Samantha","Lynagh","1981-11-09",14
444,"Ronni","Narrie","1987-06-18",14
476,"Wallie","Peasey","1982-12-15",14
28,"Cacilie","Gourley","1994-01-09",14
335,"Theodora","D'Aulby","1995-09-16",NULL
136,"Wini","Cheley","1988-01-15",NULL
398,"Evered","De la Yglesia","1995-07-24",NULL
166,"Othilia","Vondra","1996-02-02",NULL
400,"Amble","Juppe","1989-12-27",NULL
262,"Chariot","Elmhirst","1983-01-14",NULL
126,"Friedrich","Abrahamowitcz","1987-02-13",NULL
370,"Benyamin","Kelwick","1991-02-05",NULL
406,"Wally","Joe","1981-12-12",NULL
310,"Tomkin","Sandilands","1987-01-28",NULL
365,"Nanine","Saph","1985-11-26",NULL
179,"Franny","Childerhouse","1996-04-12",NULL
361,"Heriberto","Huntall","1998-06-23",NULL
413,"Tibold","Hugonneau","1983-06-02",NULL
118,"Doria","Dedenham","1997-06-27",NULL
495,"Pauline","Van Velde","1982-03-06",NULL
188,"Odele","Bediss","1994-12-25",NULL
422,"Opal","Kilius","1997-01-08",NULL
499,"Alidia","Clopton","1984-10-26",NULL
93,"Benedicto","McElhargy","1991-12-07",NULL
343,"Edie","Sawforde","1981-04-17",NULL
441,"Iver","Suggate","1996-06-23",NULL
216,"Antonino","Casali","1990-03-15",NULL
70,"Sammy","Calbrathe","1997-10-13",NULL
65,"Veda","Pethick","1987-02-12",NULL
5,"Verile","Moulson","1980-07-29",NULL
217,"Colleen","Clamo","1986-11-21",NULL
58,"Mordy","Skilton","1985-03-29",NULL
163,"Anselma","Simonsson","1998-08-02",NULL
45,"Aluin","Dinsale","1986-12-02",NULL
223,"Nobe","Turban","1995-09-13",NULL
265,"Audrye","Stot","1999-01-15",NULL
36,"Cami","Flett","1995-07-09",NULL
332,"Leelah","Ruddock","1987-12-02",NULL
227,"Danyette","Castella","1993-04-07",NULL
29,"Annabella","Eberdt","1980-03-27",NULL
24,"Cris","Pickersgill","1998-12-25",NULL
232,"Gale","Blackboro","1998-06-16",NULL
236,"Malvina","Easdon","1996-06-08",NULL
482,"Andonis","Oldman","1997-04-02",NULL
242,"Erna","Pilling","1989-07-19",NULL
256,"Vale","Shorto","1996-02-29",NULL
13,"Jenna","Dyson","1987-06-26",NULL
305,"Nina","Van Dijk","1998-08-25",NULL
267,"Jasen","Savery","1998-10-31",NULL
257,"Killian","Burgisi","1984-03-21",NULL
150,"Meryl","Silverthorne","1983-06-28",NULL
154,"Alejandra","Sawyer","1990-07-25",NULL
145,"Herman","Herculson","1989-12-24",NULL
